scope,N,share_export,share_grant,share_exit
ALL,415595,0.013756180897267774,0.019853463107111502,0.10675296863533013
