term,estimate,std.error,statistic,p.value
(Intercept),5.739684021941076,0.01040747151284573,551.4964912329283,0
ln_sales,-0.5275430100763989,0.0010354991137349015,-509.45771278704865,0
