term,estimate,std.error,statistic,p.value
(Intercept),-43079.11029892009,28580.858210778464,-1.5072714045610436,0.1317418658222095
age,13177.675810757986,1845.2550034062253,7.141384679316854,9.254598361920139e-13
