var,scale,mean,sd,p1,p99
ereduzem,asinh,1.8335493698767182,8.268331737708492,-12.375720492966797,13.729013214657195
