var,pos_share,log_mean,log_sd
export,0.19136854060193073,10.659966854512826,2.9773410321015246
