ownership,share2010
domestic,0.8972174900624645
foreign,0.10107893242475866
