var,scale,mean,sd,p1,p99
pm,level,-0.033513661829015585,0.2256119746034623,-0.6,0.6
